commercial_rank,name,country,sector,size,score_display,legacy_priority,commercial_band,utility_status,async_rating,async_fact_confidence,async_transfer_confidence,site,utility_hypothesis,async_signal,limitations,target_role,hook_fr,qualification_question_fr,sources
1,Modist Brewing,États-Unis,Brasserie,Effectif inconnu ; salle de brassage 20 bbl,73,PRIORITY_A,1,STRONG_CANDIDATE,4,high,medium,"Production, fermentation, centrifugation et nettoyage documentés en poste brasseur.","Comparer brassins, refroidissement et nettoyages ; détecter une charge persistante hors brassage.","Même fonction de production : Ekos, brewsheets, tableurs, email et Slack ; deuxième fiche packaging cohérente.",Fiches 2024–2025 ; ne prouvent pas export compteur ; recettes et autres boissons à séparer.,Head Brewer / directeur opérations,Votre documentation de production décrit un brassage sur mash filter et un suivi détaillé dans Ekos.,Les dates de brassins/CIP conservées dans Ekos peuvent-elles être rapprochées d'un compteur électrique ou thermique ?,https://modistbrewing.com/wp-content/uploads/2025/05/Part-Time-Brewer_Cellarperson-Job-Description-1.pdf | https://modistbrewing.com/wp-content/uploads/2024/10/Packaging-Manager-Job-Description-1.pdf
2,OSH Cut,États-Unis,Découpe et pliage métal,"50 salariés déclarés en 2024 ; second site annoncé en mai 2026, effectif actuel inconnu",71,PRIORITY_B,1,STRONG_CANDIDATE,4,high,medium,"Atelier propre de découpe laser et pliage, avec logiciel de fabrication interne.",Repérer charge auxiliaire persistante et écarts à production comparable ; découpe réelle et répétée.,"Fichiers, devis et commandes en ligne ; logiciel d'atelier ; avis Indeed ancien d'un service client remote, corroboration faible.","Croissance depuis 2024 ; commandes numériques ne prouvent pas achats async ; avis Indeed anonyme non déterminant. Second site annoncé près de Cincinnati en mai 2026 : démarrage et maturité des données à vérifier, privilégier un atelier stabilisé.",COO / responsable production,"Votre annonce de mai 2026 présente un second site près de Cincinnati, en complément de votre production en Utah.","Conservez-vous, pour un même atelier, la courbe électrique et les heures ou volumes de découpe correspondants ?",https://www.oshcut.com/old-articles/software-that-writes-itself | https://www.oshcut.com/articles/the-economics-of-speed-in-metal-fabrication | https://tube.oshcut.com/articles/solving-labor-shortage-problems | https://www.indeed.com/cmp/Osh-Cut | https://www.oshcut.com/articles/osh-cut-to-open-a-second-high-tech-factory-near-cincinnati
3,Buddy Brew Coffee,États-Unis,Torréfaction,100 salariés selon Built In ; estimation non auditée,70,PRIORITY_B,1,STRONG_CANDIDATE,4,medium,medium,Torréfaction et conditionnement à Tampa pour retail/wholesale/grocery.,"Comparer campagnes de torréfaction et énergie, examiner préchauffage, extraction et charge de fond.","Annonce production : Slack, planning ShipStation/Cropster, inventaires et documentation.",Annonce officielle consultable via index mais ouverture directe échouée ; ne pas confondre 100 salariés et effectif usine ; gaz à cadrer.,Roasting Manager / Operations Director,Votre recrutement en production décrit un planning de torréfaction suivi dans Cropster.,Le planning Cropster peut-il être rapproché des consommations gaz et électricité de la torréfaction Tampa ?,https://buddybrew.hrmdirect.com/employment/job-opening.php?req=3741077&req_loc=1362112 | https://builtin.com/company/buddy-brew-coffee/teams
4,Driftwood Brewery,Canada,Brasserie,Effectif non vérifié ; site de Victoria,70,PRIORITY_B,1,STRONG_CANDIDATE,4,high,medium,Brasserie propre à Victoria et distribution régionale.,"Analyser froid et charges de fond, séparer production, nettoyage et usages du site.","Cas ESW : Teams, partage et gestion documentaire entre départements/sites ; commandes par écrit sur site officiel.",Cas fournisseur promotionnel et non daté ; fonctions précises des utilisateurs et maintien actuel à confirmer.,General Manager / responsable brasserie,Votre brasserie de Victoria combine fabrication et distribution régionale.,Un site conserve-t-il des mesures énergie horodatées et le calendrier de brassage/nettoyage ?,https://driftwoodbeer.ca/ | https://eswit.com/resources/case-studies/raising-the-bar-how-esw-transformed-driftwood-brewerys-operations/ | https://driftwoodbeer.ca/contact/
5,G&O Springs,Royaume-Uni,Ressorts de précision,Effectif non vérifié ; site industriel en expansion,68,PRIORITY_B,1,STRONG_CANDIDATE,4,high,medium,Fabrication de ressorts ; extension de site et suivi numérique des étapes de fabrication.,"Comparer journées et campagnes similaires, veille d'atelier et variations de charge non expliquées par volumes.","Teams partagé par tous, documents atelier sur iPad, application APQP et tableau de production.",Ne pas confondre G&O et Goss Springs ; données énergie non démontrées ; exigences aéronautiques.,Managing Director / Operations Manager,Le retour d'expérience MTC décrit votre suivi APQP et l'accès aux documents directement en atelier.,"Le suivi de fabrication APQP peut-il être rapproché d'un export électrique du site, sans données techniques de pièces ?",https://www.the-mtc.org/insights/go-springs-setting-standard-sme-digital-adoption | https://springs.aero/
6,Des Moines Cold Storage,États-Unis,Stockage frigorifique et surgélation,23 200 emplacements froid et 852 en blast annoncés ; effectif inconnu,75,PRIORITY_A,2,STRONG_CANDIDATE,3,medium,medium,Installations frigorifiques et services de surgélation/tempérage.,"Rechercher dérives du froid, effets de chargement et consommation de fond ; grande charge répétitive plausible.",Portail clients et échanges EDI/non-EDI documentés.,Échelle de groupe et sponsor à préciser ; WMS ne fournit pas automatiquement énergie ou ouvertures de portes.,Facilities / Refrigeration Manager,"Vous proposez à la fois stockage frigorifique, surgélation et tempérage.","Un entrepôt dispose-t-il d'une courbe électrique avec volumes entrants, températures et calendrier de surgélation ?",https://www.dmcoldstorage.com/
7,HIWA Rotterdam Port Cold Stores,Pays-Bas,Froid et transformation de jus,Plus de 100 000 tonnes/an traitées annoncées ; effectif inconnu,75,PRIORITY_A,2,STRONG_CANDIDATE,3,medium,medium,"Stockage froid, traitement de jus, échangeurs et équipements propres à Rotterdam.","Distinguer stockage, transformations et températures ; charge continue propice au suivi de régimes.",ERP et portail clients avec échanges EDI.,"Tonnes traitées ≠ consommation ; mélange d'activités exige planning et périmètre de compteur. Pages ouvertes en erreur 502 ; faits disponibles dans les résultats indexés, à reconfirmer.",Technical / Operations Manager,Vos services associent stockage frigorifique et transformation de jus.,"Peut-on distinguer stockage et transformation des jus, avec consommations et calendrier d'opérations ?",https://www.hiwa.nl/services/ | https://www.hiwa.nl/about-us/
8,Vanmarcke,Belgique,Logistique frigorifique,Effectif inconnu ; plusieurs installations,74,PRIORITY_A,2,STRONG_CANDIDATE,3,medium,medium,"Entreposage frigorifique de -25 à +15 °C, solaire et récupération de chaleur.","Comparer consommation frigorifique avec flux et température, surveiller changements durables.","WMS/TMS, EDI, portail et documents d'export numériques.",Ne pas confondre avec Van Marcke sanitaire ; plusieurs sites ; expertise énergie déjà présente.,Technical Manager / responsable entrepôt,"Vous documentez stockage froid, solaire et récupération de chaleur.","Un site peut-il isoler froid, autoproduction et activité à partir de mesures horodatées ?",https://www.vanmarcke.info/en
9,Auscool Logistics,Australie,Entreposage frigorifique,Effectif inconnu ; Brisbane et Melbourne,73,PRIORITY_A,2,STRONG_CANDIDATE,3,medium,medium,Sites de stockage frigorifique opérés en Australie.,Rechercher changement de niveau de froid et effet d'activité sur un seul entrepôt.,"Portail WMS, rapports et visibilité des stocks côté client.","Exclure carburant transport ; taille du groupe, propriété des installations et autonomie à confirmer.",Warehouse / Facilities Manager,Vous exploitez des activités de stockage frigorifique à Brisbane et Melbourne.,"Un entrepôt peut-il partager un périmètre électrique distinct du transport, avec activité de stockage ?",https://auscoollogistics.com/cold-storage-overview
10,Canuck Cold Storage,Canada,Entreposage frigorifique,Effectif inconnu ; site Burlington identifié,73,PRIORITY_A,2,STRONG_CANDIDATE,3,medium,medium,"Stockage frigorifique à Burlington, activités et accréditations publiées.",Suivre dérives de froid et charge de base à flux comparables ; périmètre de site a priori ciblable.,"Inspired Inventory, visibilité stocks/poids/lots, portail et EDI.",Pas d'accès énergie démontré ; EDI logistique ≠ acceptation d'un analyste extérieur.,Operations / Facility Manager,Votre site de Burlington fournit un suivi numérique des lots et stocks frigorifiques.,"Le site de Burlington conserve-t-il consommation électrique, flux de palettes et consignes de froid ?",https://www.canuckcoldstorage.ca/ | https://www.canuckcoldstorage.ca/About-Us
11,Fort George Brewery,États-Unis,Brasserie,Effectif non vérifié ; plusieurs installations de brassage,72,PRIORITY_A,2,STRONG_CANDIDATE,3,medium,medium,"Installations de brassage propres à Astoria, dont Waterfront Production Facility.",Comparer campagnes de brassage et froid ; surveiller évolution de consommation hors brassage.,"Annonce cellar/shift brewer : documentation des fermentations, transmissions sur Slack ou équivalent ; shifts tournants de quatre journées de dix heures.",Annonce sur agrégateur ; isoler Waterfront des restaurants et autres brasseries ; poste actuel à confirmer.,Production Manager / Head Brewer,Votre installation Waterfront et vos rotations de production offrent un périmètre concret à étudier.,"Waterfront dispose-t-il d'un compteur distinct et des dates de brassage, cave et nettoyage ?",https://fortgeorgebrewery.com/brewery-tours/ | https://www.breweryjobs.com/jobs/cellar-shift-brewer-05cc572c
12,Almanac Beer Co.,États-Unis,Brasserie,Effectif inconnu ; 30 000 ft² déclarés,69,PRIORITY_B,2,STRONG_CANDIDATE,3,low,medium,"Brassage, vieillissement et conditionnement dans sa brasserie d'Alameda.","Froid, stockage et conditionnement : comparer périodes et charges récurrentes avec contexte de fabrication.",Fiche keyholder : Slack et email quotidiens avec direction et départements de brasserie.,Preuve écrite issue surtout du taproom ; réunions hebdomadaires également prévues. La fiche keyholder retourne 404 à l’ouverture : indice historique indexé uniquement.,Director of Operations / Head Brewer,"Vous indiquez brasser, faire vieillir et conditionner vos bières sur le même site à Alameda.",La consommation de la brasserie d'Alameda peut-elle être isolée du taproom et rapprochée des brassins ?,https://almanacbeer.com/pages/taproom-keyholder | https://www.almanacbeer.com/
13,Oceanz,Pays-Bas,Fabrication additive SLS,19 machines EOS SLS annoncées ; effectif inconnu,69,PRIORITY_B,2,STRONG_CANDIDATE,3,low,medium,Parc de fabrication propre aux Pays-Bas et finition.,"Parc répétitif suffisamment substantiel pour investiguer cycles, charge de fond et évolution d'intensité.","Portail YourOceanz intégré aux étapes de production, fichiers, prix et suivi de commandes.","Portail client ≠ achats async ; certifications et expertise technique interne à respecter. Page du portail bloquée à l'ouverture ; signal retenu à partir de l'extrait indexé, à reconfirmer.",Operations Manager / directeur de production,Vous annoncez un parc de 19 machines EOS SLS et un suivi numérique de production.,Les étapes suivies dans YourOceanz peuvent-elles être rapprochées de mesures énergie d'un atelier ?,https://www.oceanz.eu/en/3d-printing/ | https://www.oceanz.eu/en/blogs/youroceanz-hassle-free-order-management/
14,Weerg,Italie,Usinage CNC et fabrication additive,Effectif non vérifié ; production à Scorzè,69,PRIORITY_B,2,STRONG_CANDIDATE,3,medium,medium,"Production intégrée CNC et additive, annoncée en propre.","Comparer cycles thermiques/additifs et charge de parc CNC, avec ordres et heures de production.",Chiffrage automatique de fichiers et parcours de commande international en ligne.,Maturité numérique élevée peut inclure analyse interne ; diversité des technologies à segmenter.,Responsabile produzione / operations,Vous présentez une production CNC et additive réalisée en interne.,Un atelier CNC ou MJF à Scorzè peut-il être isolé avec ses consommations et ses campagnes ?,https://www.weerg.com/ | https://www.linkedin.com/company/weerg
15,Headlands Brewing,États-Unis,Brasserie,Effectif inconnu ; production à Pittsburg,67,PRIORITY_B,2,STRONG_CANDIDATE,3,medium,medium,Production documentée à Pittsburg ; récupération d'eau et électricité renouvelable déclarées.,"Examiner froid, nettoyage et charge de fond à production comparable sur Pittsburg.","Annonce logistique : documents d'expédition dans Slack, inventaire et opérations de conditionnement.","Annonce republiée ; preuve Slack logistique, pas achats ; renouvelable ne signifie pas absence d'écarts.",Brewery Operations / Production Manager,Votre page impact décrit une récupération d'eau dans la production à Pittsburg.,Le site de Pittsburg conserve-t-il une courbe d'énergie et un journal de production/nettoyage ?,https://www.headlandsbrewing.com/impact | https://tallo.com/talent/job/business/warehouse-or-distribution-supervisor/ca/pittsburg/warehouse-logistics-lead-ad117113
16,3D People,Royaume-Uni,Fabrication additive polymères,Effectif inconnu ; usine industrielle UK,66,PRIORITY_B,2,STRONG_CANDIDATE,3,medium,medium,"Usine propre de fabrication additive polymères, production série.","Comparer préchauffage, campagnes, refroidissement et utilisation des équipements ; pas supposer que toute durée inactive est inutile.","PartsVault conserve spécifications, commandes et réassorts ; fichiers et devis numériques.",Volume et coût électrique réels inconnus ; production numérique ne prouve pas suivi énergie.,Production Manager / cofondateur opérations,Vous décrivez une usine UK dédiée à la fabrication additive industrielle.,Les dates de campagnes et chauffe sont-elles conservées avec un export électrique de l'usine ?,https://www.3dpeople.uk/about-us/ | https://www.3dpeople.uk/get-a-quote/
17,3ERP,Chine,Usinage et injection,Effectif inconnu ; usine Zhongshan,66,PRIORITY_B,2,STRONG_CANDIDATE,3,medium,medium,"Usine principale à Zhongshan, fabrication CNC et injection.",Charges auxiliaires et stabilité énergétique à campagne comparable sur site principal.,"Fichiers CAD, analyse de fabricabilité et chiffrage numérique ; échanges en anglais.",Volume et horaires inconnus ; portefeuille international ne garantit ni export énergie ni accès fournisseur.,Factory / Operations Manager,Votre page contact identifie l'usine principale de Zhongshan.,Le site de Zhongshan dispose-t-il d'un historique énergie et d'heures CNC/injection ?,https://www.3erp.com/contact/ | https://www.3erp.com/
18,ABL Circuits,Royaume-Uni,Fabrication PCB et assemblage,Effectif inconnu ; site Baldock,66,PRIORITY_B,2,STRONG_CANDIDATE,3,medium,medium,"Prototypage, fabrication et assemblage sous un même toit.","Comparer charge de site, ventilation et campagnes ; identifier écarts persistants défendables.",Formulaire technique de devis PCB avec fichiers et spécifications.,Devis technique seulement : pas preuve de culture async générale ; faible série et énergie réelle à confirmer.,Managing Director / Production Manager,Votre offre décrit fabrication et assemblage sous un même toit à Baldock.,Le site de Baldock dispose-t-il d'une courbe énergie et d'un calendrier de fabrication/assemblage ?,https://www.ablcircuits.co.uk/pcb-services/pcb-prototypes | https://www.ablcircuits.co.uk/request-a-pcb-quote
19,Beta LAYOUT / PCB-POOL,Allemagne,Fabrication PCB et assemblage,Effectif non vérifié ; usine allemande,66,PRIORITY_B,2,STRONG_CANDIDATE,3,medium,medium,Fabrication de circuits imprimés dans sa propre usine allemande.,"Investiguer profils de bains, fours et ventilation seulement sur procédés réellement internes et comparables.","Upload de conception, calcul de devis PCB/assemblage, documentation et suivi numérique.",Marques comptées une fois ; confirmer procédés chimiques internes et autonomie du site ; données énergie inconnues.,Produktionsleitung / Betriebsleitung,Vous présentez une fabrication de PCB dans votre propre usine allemande.,Quels procédés sont réellement internes à l'usine et ont un compteur et un calendrier exploitables ?,https://uk.beta-layout.com/pcb/layout/general/ | https://eu.beta-layout.com/3d-print/order/
20,Clifton Coffee Roasters,Royaume-Uni,Torréfaction,27 salariés dans ancien cas 2018 ; effectif actuel inconnu,66,PRIORITY_B,2,STRONG_CANDIDATE,3,medium,medium,Torréfaction propre depuis 2013 à Bristol/Avonmouth.,"Régimes de chauffe, extraction et calendrier de torréfaction peuvent être confrontés à des traces de production.","Cas historique : Teams, Forms, documents de maintenance et checklist numérique d'ouverture de la torréfaction.","Cas de déploiement 2018, pas preuve de politique 2026 ; structure juridique actuelle à préciser ; gaz indispensable si procédé au gaz.",Head of Production / directeur torréfaction,Votre histoire décrit le développement d'une torréfaction interne à Avonmouth.,La torréfaction Avonmouth conserve-t-elle encore ses journaux opérationnels et les données gaz/électricité ?,https://cliftoncoffee.co.uk/pages/about-us | https://www.changingsocial.com/case-studies/clifton-coffee/ | https://cliftoncoffee.co.uk/pages/team
21,Extract Coffee Roasters,Royaume-Uni,Torréfaction,Effectif inconnu ; production à Bristol,66,PRIORITY_B,2,STRONG_CANDIDATE,3,medium,medium,Torréfaction et conditionnement propres à Bristol.,"Comparer énergie par campagne, préchauffage, extraction et attentes ; distinguer gaz et électricité.",Slack documenté pour échanges d'équipe ; rapport d'absences quotidien par email cité chez Timetastic.,Preuve Slack sociale plutôt que production ; courant seul peut manquer énergie thermique ; volume à qualifier.,Head of Coffee / Production Manager,Vos recrutements décrivent la production de torréfaction à Bristol.,L'équipe Bristol conserve-t-elle les dates et volumes de torréfaction avec consommation gaz et électricité ?,https://extractcoffee.co.uk/work-with-us/production-roaster/ | https://extractcoffee.co.uk/about-us/behind-roastery-doors/breaking-the-silence-on-mental-health-in-hospitality/ | https://timetastic.co.uk/features/email-reports/
22,Formero,Australie,Fabrication additive,Effectif inconnu ; usine de Melbourne,66,PRIORITY_B,2,STRONG_CANDIDATE,3,medium,medium,Fabrication additive et post-traitement à Melbourne.,"Comparer campagnes MJF, cycles de chauffe et demandes de production.","Portail Synter et communication publique de production MJF interne, devis par fichiers.",Ne pas attribuer tous les procédés vendus à l'usine locale ; décideur et facture inconnus.,Operations Manager / Manufacturing Manager,Vous présentez votre fabrication et post-traitement à Melbourne.,Les productions MJF à Melbourne peuvent-elles être isolées avec leurs dates et une mesure d'énergie ?,https://formero.com.au/ | https://www.linkedin.com/posts/formero_3dprinting-additivemanufacturing-australianmade-activity-7403569010451423232-GXSQ
23,INARU,République dominicaine,Fabrication de chocolat,Effectif actuel inconnu ; usine propre,66,PRIORITY_B,2,STRONG_CANDIDATE,3,medium,medium,Transformation intégrée de cacao et fabrication de chocolat en République dominicaine.,"Étudier charges thermiques/refroidissement et campagnes de chocolat, avec volumes et contexte.",Étude Tufts 2024 : Slack associé à l'équipe usine ; entreprise exportatrice anglophone.,"Preuve Slack historique, périmètre exact inconnu ; capacité et coût actuels à confirmer.",Factory / Operations Manager,Votre présentation décrit une transformation intégrée du cacao jusqu'au chocolat.,"L'usine conserve-t-elle volumes par campagne, dates et mesures des usages thermiques/électriques ?",https://inaru.com/pages/about | https://innovation.nutrition.tufts.edu/wp-content/uploads/2024/10/5-INARU-Redefining-Cocoa-Supply-Chains-with-Purpose-Driven-Innovation.pdf
24,Laser 24,Royaume-Uni,Découpe et pliage métal,Effectif inconnu ; deux lasers 15 kW annoncés,66,PRIORITY_B,2,STRONG_CANDIDATE,3,medium,medium,Usine automatisée à Southend-on-Sea ; fonctionnement 24/7 déclaré.,"Étudier veille, aspiration et changements de charge par campagne ; fonctionnement continu matériellement pertinent.","Formulaire technique puis demande des fichiers CAD par email, validation de dessins et devis.","15 kW désigne les lasers, pas la puissance électrique totale ; usage écrit côté vente uniquement.",Operations Manager / directeur d'usine,Votre site annonce un atelier automatisé qui fonctionne 24 heures sur 24.,Le fonctionnement automatisé est-il suivi par un compteur et des journaux d'activité comparables ?,https://laser24.co.uk/ | https://laser24.co.uk/contact-us/
25,LaserBoost,Espagne,Découpe laser et pliage,11–50 selon profil LinkedIn ; à confirmer,66,PRIORITY_B,2,STRONG_CANDIDATE,3,medium,medium,"Production propre à Manresa, après une première phase de sous-traitance.",Comparer charges laser/auxiliaires et régimes à charge de travail comparable.,"Téléversement de fichiers, chiffrage, commande, facture et paiement en ligne ; clientèle internationale.","Portail de vente, pas politique d'achat ; lien Gonvarri signalé historiquement, autonomie à vérifier.",Responsable production / directeur industriel,Votre présentation décrit le passage à des installations de fabrication propres à Manresa.,Le site de Manresa dispose-t-il d'un compteur exportable et d'un suivi d'heures de découpe/pliage ?,https://www.laserboost.com/about-us/ | https://www.linkedin.com/company/laserboost | https://www.linkedin.com/posts/rafael-de-la-flor-riberas-1a7095b_laserboost-linkedin-activity-6977868268501917696-vXe1
26,LaserMaster,Royaume-Uni,Découpe et pliage métal,Effectif non vérifié ; usine à Redruth,66,PRIORITY_B,2,STRONG_CANDIDATE,3,medium,medium,"Usine propre ; découpe de plaques jusqu'à 3 × 1,5 m selon FAQ.",Analyser charge résiduelle d'atelier et écarts liés au planning de découpe.,"Commande en ligne pour cas simples, devis complexes par email et fichiers.",Export énergie inconnu ; commandes clients UK ne prouvent pas ouverture à un prestataire étranger.,Managing Director / Production Manager,Votre FAQ décrit la fabrication à Redruth et les échanges techniques pour les découpes sur mesure.,L'atelier de Redruth conserve-t-il une courbe électrique et un planning de découpe/pliage ?,https://www.lasermaster.co.uk/pages/faqs
27,Midlands 3D,Royaume-Uni,Fabrication additive polymères,Effectif inconnu ; usine agrandie en 2025,66,PRIORITY_B,2,STRONG_CANDIDATE,3,medium,medium,"Usine à Stone, technologies possédées et exploitées, production 24/7 annoncée.","Comparer fonctionnement thermique et taux d'occupation des campagnes, repérer changements persistants.","Upload, devis et commande numériques ; confidentialité et documentation technique.",Fort investissement récent : référence historique à segmenter ; consultation téléphonique proposée pour cas complexes.,Managing Director / Production Manager,Votre publication de juillet 2025 présente la nouvelle usine et l'automatisation de la finition.,"Avez-vous des mesures comparables depuis le changement de site de 2025, avec les campagnes et équipements en service ?",https://midlands3d.com/ | https://midlands3d.com/midlands-3d-opens-most-automated-3dprinting-operation-in-the-uk/
28,Newbury Electronics / PCB Train,Royaume-Uni,Fabrication et assemblage PCB,Effectif non vérifié ; fabrication à Newbury,66,PRIORITY_B,2,STRONG_CANDIDATE,3,medium,medium,Fabricant PCB et assemblage ; PCB Train est une marque/division.,"Comparer fours, ventilation et campagnes d'assemblage ; vérifier périmètre des procédés PCB.","Devis en ligne, données de fabrication transmises par écrit, spécifications détaillées.","Une seule société, pas deux prospects ; mix prototypes et séries peut expliquer les variations.",Production / Operations Director,PCB Train fait partie de Newbury Electronics et couvre fabrication et assemblage.,La fabrication et l'assemblage à Newbury ont-ils des compteurs et un suivi de campagnes comparables ?,https://www.pcbtrain.co.uk/products-and-services/ | https://www.pcbtrain.co.uk/contact/
29,Parts on Demand,Pays-Bas,Fabrication additive SLS,Effectif inconnu ; production de séries,66,PRIORITY_B,2,STRONG_CANDIDATE,3,medium,medium,Fabrication additive de séries industrielles.,"Comparer énergie de campagnes similaires, attentes thermiques et opérations de finition.","Fichiers 3D, devis et spécifications techniques publiées pour commande en ligne.",Taille et volumes réels inconnus ; nombre de pièces proposé commercialement n'est pas production observée.,Operations Manager / directeur production,Votre présentation met l'accent sur la fabrication additive de séries.,Pouvez-vous identifier des campagnes SLS comparables et un historique d'énergie correspondant ?,https://partsondemand.nl/over-parts-on-demand/ | https://partsondemand.nl/3d-printen-online/
30,Photoncut / KM Blechbearbeitung,Allemagne,Découpe laser et tôlerie,Effectif non vérifié ; usine identifiée à Seligenstadt,66,PRIORITY_B,2,STRONG_CANDIDATE,3,medium,medium,Fabrication propre de tôlerie.,"Charge de fond, aspiration et dérives de régimes à mix de commandes comparable.","Fichiers DXF/STEP, devis et commande en ligne ; documentation de production.",Marque et société comptées une seule fois ; offre digitale de vente seulement.,Geschäftsführung / Produktionsleitung,Photoncut associe commande de fichiers et fabrication par KM Blechbearbeitung.,La production KM peut-elle rapprocher compteur et heures ou volumes d'ordres de fabrication ?,https://photoncut.com/ | https://photoncut.com/impressum/
31,RAM3D,Nouvelle-Zélande,Fabrication additive métal,Effectif inconnu ; usine à Tauranga,66,PRIORITY_B,2,STRONG_CANDIDATE,3,medium,medium,Fabrication additive métal dans un site propre documenté.,"Comparer charges de campagnes métal, post-traitement et périodes d'attente.","Processus client documenté, fichiers CAD et demandes initiales par écrit/online.",Cas de processus ancien ; marchés défense possibles ; confidentialité et compteur distinct à qualifier.,Operations Manager / directeur usine,Vous présentez une fabrication additive métal implantée à Tauranga.,Des campagnes métal comparables et leurs dates de chauffe peuvent-elles être rapprochées d'un compteur non sensible ?,https://www.ram3d.co.nz/category/customers/ | https://www.ram3d.co.nz/
32,Rapidobject,Allemagne,Fabrication additive métal et polymères,Effectif inconnu ; production à Leipzig,66,PRIORITY_B,2,STRONG_CANDIDATE,3,medium,medium,Production métal SLM interne documentée.,"Analyser utilisation des équipements, cycles thermiques et post-traitement à mix comparable.","Devis conservés, suivi des commandes et confirmations par email ; fichiers techniques.",Distinguer technologies internes des services externes ; données temporelles non publiques.,Produktionsleitung / Geschäftsführung,Votre offre métal décrit la production SLM en interne.,Le SLM interne dispose-t-il d'un compteur et d'un historique de campagnes indépendant des activités sous-traitées ?,https://rapidobject.com/en/metall-3d-druck/ | https://rapidobject.com/en/was-ist-3d-druck/3d-druck-faq/
33,THINK3D,Inde,"Usinage, injection et additive",Parcs CNC et additive détaillés ; effectif inconnu,66,PRIORITY_B,2,STRONG_CANDIDATE,3,medium,medium,Installation propre de Visakhapatnam ; siège Hyderabad.,"Comparer campagnes et charge inactive sur un procédé isolé, plutôt qu'un total multi-technologies.","Upload, devis par email et documentation de fabrication en anglais.",Chiffres de parc variables selon page ; ne pas additionner ; site/siège distincts ; budget local à qualifier.,Plant Head / Operations Manager,Votre page entreprise décrit les moyens industriels de Visakhapatnam.,Quel atelier de Visakhapatnam offre un historique stable d'énergie et d'ordres de fabrication ?,https://www.think3d.in/about-us/ | https://www.think3d.in/services/3d-printing/
34,WayKen,Chine,Usinage CNC,60+ employés et 16 CNC déclarés,66,PRIORITY_B,2,STRONG_CANDIDATE,3,medium,medium,Usine Shenzhen ; travail 24/7 annoncé.,"Comparaison de charge CNC et auxiliaires, dérives sur journées similaires.","Envoi de fichiers par email, devis et documentation technique en anglais.","Chiffres déclarés par fournisseur, non audités ; mix prototypes à contrôler ; coût de l'énergie non connu.",Factory Manager / Operations,Votre offre CNC annonce un fonctionnement 24/7 à Shenzhen.,Le site de Shenzhen peut-il rapprocher compteur électrique et charge de travail des CNC sur plusieurs semaines ?,https://waykenrm.com/technologies/cnc-machining/ | https://waykenrm.com/contact-us/
35,eMachineShop / Micro Logic,États-Unis,Usinage et découpe,Effectif inconnu ; site Mahwah identifié,66,PRIORITY_B,2,STRONG_CANDIDATE,3,medium,medium,"Installation principale de fabrication à Mahwah, CNC et découpe.",Comparer charge d'atelier et jours similaires ; charge de fond et fonctionnement hors travail.,"CAD, prix, validation et commande en ligne, aide technique documentée.",Ne pas attribuer toutes finitions vendues au même site ; autonomie de la division et taille à préciser.,Manufacturing / Operations Manager,Votre FAQ identifie l'installation principale de fabrication à Mahwah.,Le site de Mahwah peut-il isoler sa consommation des finitions externes et fournir un calendrier d'atelier ?,https://www.emachineshop.com/faq/ | https://www.emachineshop.com/about-emachineshop/
36,Tony's Coffee,États-Unis,Torréfaction,Effectif inconnu ; torréfaction à Bellingham,65,PRIORITY_B,2,STRONG_CANDIDATE,3,medium,medium,Torréfaction propre ; amélioration d'efficacité et suivi environnemental déclarés.,Comparer fonctionnement actuel et campagnes ; réfuter écarts dus au mix ; maintien de performance après changements.,Annonce directe de conditionnement : communication interéquipes par email et Asana.,Expertise et efforts énergie déjà présents ; ne pas promettre nouveau gisement ; gaz/électricité à séparer.,Production / Roastery Manager,Vous avez déjà communiqué sur l'amélioration de l'efficacité de votre torréfaction.,Les campagnes actuelles et leurs consommations sont-elles comparables pour vérifier le maintien des performances déjà améliorées ?,https://www.tonyscoffee.com/sustainability/ | https://recruiting.paylocity.com/recruiting/jobs/Details/4250381/Tonys-Coffees-Teas-Inc/COFFEE-PACKAGER-I---FULL-TIME
37,Geometric Manufacturing,Royaume-Uni,Usinage et tôlerie,Environ 100 personnes ; 3 sites (site actuel),68,PRIORITY_B,3,STRONG_CANDIDATE,4,high,low,"CNC, tôlerie et finition en propre ; périmètre de trois sites à isoler.","Comparer charges hors production et changements de régimes d'un atelier CNC, avec planning et mix pièces.","Slack utilisé pour transmissions entre équipes, indicateurs de production et tâches ; étude historique.","Étude Slack plus ancienne que la taille actuelle ; clients défense, confidentialité et périmètre de compteur à cadrer. Le site actuel décrit une infrastructure air-gapped : la pratique Slack historique ne prouve pas l'accès actuel aux données.",Operations Director / responsable de site,Votre parc CNC et votre fonctionnement lights-out rendent les périodes hors présence humaine particulièrement intéressantes à contextualiser.,Un atelier hors périmètre sensible dispose-t-il d'un export énergie et d'un planning partageables avec un prestataire externe ?,https://geometricmanufacturing.co.uk/ | https://bethebusiness.com/files/research-reports/ebook_slack_the_secret_of_productive_work.pdf
38,Mackie's of Scotland,Royaume-Uni,"Glaces, chocolat et emballages",Environ 80 selon dossier antérieur ; à reconfirmer,66,PRIORITY_B,3,STRONG_CANDIDATE,1,low,low,"Production intégrée et froid, avec production énergétique sur site.",Froid et charge inactive présentent un bon périmètre potentiel ; séparer consommation et autoproduction.,Documentation environnementale et email ; aucune preuve retenue d'async opérationnel.,"Expertise énergie visible, comptage complexe ; trop peu d'indices async pour premier lot.",Operations Director / Engineering Manager,"Votre page environnement présente un site combinant procédés de fabrication, froid et autoproduction.",Un compteur permet-il de distinguer la consommation production/froid de l'autoproduction et des échanges réseau ?,https://www.mackies.co.uk/about-mackies/environment/ | https://www.mackies.co.uk/about-mackies/people/
39,Backcountry Brewing,Canada,Brasserie,Effectif inconnu ; brasserie de Squamish,65,PRIORITY_B,3,STRONG_CANDIDATE,2,low,low,Brasserie propre en expansion depuis 2017.,"Comparer froid et brassins, charge nocturne et intensité à volume comparable.",Témoignage Ekos sur équipe marketing : Slack partagé avec l'équipe ; périmètre production non prouvé.,Slack marketing ne vaut pas collaboration avec opérations ; capacité annuelle et exports inconnus.,Head Brewer / Operations Manager,Votre présentation retrace l'expansion de la production de la brasserie à Squamish.,Le site de Squamish a-t-il une courbe d'énergie et des dates de brassins accessibles à l'équipe production ?,https://www.backcountrybrewing.com/about/ | https://www.goekos.com/blog/craftlab/a-day-in-the-life-of-the-backcountry-brewing-social-media-team/
40,3DPRINTUK,Royaume-Uni,Fabrication additive polymères,Effectif inconnu ; groupe Solid Solutions/TriMech,64,PRIORITY_C,3,CONDITIONAL,3,medium,medium,Production SLS/MJF et post-traitement au Royaume-Uni.,Charges thermiques répétées et variabilité des campagnes à isoler ; utilité conditionnée à accès d'un site.,Parcours de devis et commande en ligne de fichiers 3D.,Acquisition 2023 : autonomie d'achat et expertise de groupe inconnues ; pas une PME indépendante supposée.,Production / Operations Manager du site,Votre offre distingue plusieurs technologies de fabrication et de post-traitement.,Le responsable du site dispose-t-il de l'autonomie et des données nécessaires à une étude externe limitée ?,https://www.3dprint-uk.co.uk/3dprintuk-acquired-by-solid-solutions/ | https://www.3dprint-uk.co.uk/
41,Bittele Electronics,Canada / Chine / Malaisie,Assemblage électronique,Effectif non vérifié ; plusieurs usines,64,PRIORITY_C,3,CONDITIONAL,3,medium,medium,Installations d'assemblage dans plusieurs pays déclarées.,Analyser fours de refusion et auxiliaires d'un seul site avec mix et cadence.,"BOM/fichiers, devis et DFM en ligne ; coordination siège/usines documentée.",Périmètre international et autonomie de décision inconnus ; ne pas qualifier groupe entier comme PME mono-site.,Plant Operations Manager d'un site,Vous documentez un fonctionnement entre siège et installations d'assemblage dans plusieurs pays.,Un seul site d'assemblage dispose-t-il d'un sponsor autonome et de données de ligne ou de site partageables ?,https://www.7pcb.com/ | https://www.7pcb.com/offshore-pcb-assembly
42,Imaginarium,Inde,Fabrication additive et outillage,Effectif non vérifié ; installation outillage documentée,64,PRIORITY_C,3,CONDITIONAL,3,medium,medium,"Outillage et essais de moules en propre, activité de fabrication additive.",Comparer consommations d'essais et campagnes sur un atelier stable ; séparer prototypes et séries.,Plateforme Rapid Online Factory et parcours documenté de commande technique.,Multiples métiers et implantation à isoler ; prototype variable peut rendre baseline faible.,Manufacturing / Operations Head,Votre offre d'outillage inclut des essais de moules avant mise en production.,Un atelier d'outillage dispose-t-il de campagnes assez répétées et de mesures pour distinguer essais et fabrication ?,https://imaginarium.io/rapid-tooling/ | https://imaginarium.io/entrepreneur-leverages-online-manufacturing-platform-to-start-her-own-jewellery-brand/
43,Vestre,Norvège / Suède,Mobilier industriel bois et métal,133 salariés déclarés sur la page entreprise consultée,62,PRIORITY_C,3,STRONG_CANDIDATE,1,low,low,Production majoritairement interne en Norvège et Suède.,Analyser charge de fond et mix de production d'une usine de mobilier.,Présence internationale et recrutement numérique ; ancien signal remote commercial non revalidé comme politique opérationnelle.,Deux usines et expertise environnementale ; preuve async insuffisante. Aucun bonus pour le pays.,Plant Manager / responsable production,"Vous documentez une fabrication majoritairement interne, répartie entre deux pays.",Une seule usine dispose-t-elle d'un sponsor et d'un historique énergie/production partageable par écrit ?,https://www.vestre.com/about-us/company | https://vestre.com/no/faq/produksjon/hvor-produserer-dere-moblene
44,PaperShell,Suède,Composants composites en papier,24 collaborateurs déclarés sur le portail carrière consulté,61,PRIORITY_C,3,CONDITIONAL,2,low,low,Production automatisée à Tibro.,Comparer campagnes et charge hors production d'une ligne automatisée stabilisée.,Télétravail lorsque possible et approche numérique ; pas preuve d'async en production.,"Passage à l'échelle, volumes et budget inconnus ; remote ne prouve pas travail écrit avec fournisseurs.",COO / Production Manager,Votre site carrière décrit une production automatisée à Tibro.,La ligne de Tibro produit-elle déjà des campagnes répétées avec consommation et cadence historisées ?,https://papershell.se/careers/ | https://careers.papershell.se/jobs
45,BACA Systems,États-Unis,Fabrication de machines robotisées,Environ 50 salariés selon cas Slack,57,PRIORITY_C,3,CONDITIONAL,5,high,medium,Conçoit et fabrique des équipements pour transformation de pierre ; ne pas lui attribuer l'énergie de ses clients.,Une investigation de ses essais et ateliers peut être utile ; puissance et heures réelles impératives avant pilote énergie.,"Cas explicite : décisions async, opérations, bons de commande et inspections dans Slack depuis septembre 2025.","Excellent async, mais assemblage/essais possiblement peu énergivores : pas premier choix tant que charge propre inconnue.",Operations Manager / VP Business Systems,Vous fabriquez des équipements robotisés ; le périmètre pertinent serait celui de vos ateliers et essais propres.,"Vos propres ateliers et essais représentent-ils une charge énergétique significative et mesurée, indépendamment des machines chez vos clients ?",https://slack.com/customer-stories/baca-systems-story | https://www.bacasystems.com/about/careers/
46,Performax Engineering,Australie,"Découpe, pliage et fabrication",Effectif non vérifié ; site de Gympie,56,PRIORITY_C,3,CONDITIONAL,3,medium,medium,"Services de découpe, pliage et additive à Glanmire/Gympie.",Évaluer veille atelier et régimes de découpe ; comparer des journées de charge analogue.,"Chiffrage et fichiers en ligne, assistance aux heures ouvrées.",Taille de parc non établie ; rentabilité du pilote subordonnée à facture et temps de fonctionnement.,General Manager / responsable atelier,Votre site décrit des moyens propres d'usinage et de découpe à Gympie.,Quelle est la taille du parc réellement exploité et existe-t-il un historique énergie avec les heures d'atelier ?,https://performaxengineering.com.au/pages/laser-cutting-quotes | https://performaxengineering.com.au/
47,Long Live Beerworks,États-Unis,Brasserie,Effectif et capacité non vérifiés,55,PRIORITY_C,3,CONDITIONAL,2,low,low,Brasserie avec activité de production et taproom.,Investigation du froid et des régimes de brassage si site assez chargé et compteur distinct.,Annonce officielle : Slack et Homebase pour équipe de taproom.,Échelle économique non prouvée ; signal async limité au service ; clarifier production vs lieux de vente.,Head Brewer / cofondateur opérations,Vos sites permettent de voir l'espace de brassage depuis le taproom.,"Quel site brasse régulièrement, et sa facture et ses mesures justifieraient-elles une petite investigation sur données ?",https://www.longlivebeerworks.com/taproom-servers | https://www.longlivebeerworks.com/
48,Zilker Brewing Company,États-Unis,Brasserie,Petite équipe déclarée ; effectif non vérifié,55,PRIORITY_C,3,CONDITIONAL,2,low,low,Brasserie à Austin avec production et conditionnement.,Analyser brassins et froid si charge du site et accès aux données justifient le temps d'étude.,Annonce Indeed de manager : récapitulatifs hebdomadaires email/Slack ; indice du bar.,Source Indeed liste dynamique ; signal bar seulement ; petite échelle économique à confirmer.,Head Brewer / responsable production,Vos recrutements distinguent production et conditionnement de l'activité du bar.,La production dispose-t-elle d'un compteur distinct du bar et d'un historique de brassins/canning ?,https://www.indeed.com/cmp/Zilker-Brewing-Company | https://www.indeed.com/q-brewery-l-wells-branch%2C-tx-jobs.html | https://texascraftbrewersguild.org/page/3/?post_type=job_listing
49,NEsolution,Australie,Usinage et fabrication additive,Effectif et taille de parc inconnus,54,PRIORITY_C,3,CONDITIONAL,3,medium,medium,Usine propre à Sydney annoncée ; CNC et additive.,Investigation d'atelier possible si parc réellement chargé et données de campagnes disponibles.,Téléversement et chiffrage sur plateforme ; détails d'hébergement publiés.,Échelle industrielle insuffisamment documentée : réserve métier ; ne pas sélectionner sur le seul portail.,Founder / Operations Manager,Vous indiquez fabriquer des pièces dans votre installation de Sydney.,"Quels équipements fonctionnent régulièrement à Sydney, et quel ordre de grandeur de facture justifierait l'étude ?",https://www.nesolution.com.au/our-services/ | https://www.nesolution.com.au/
50,Ponoko,États-Unis,Découpe laser numérique,Petite équipe ; effectif non vérifié,54,PRIORITY_C,3,CONDITIONAL,3,low,medium,Équipe de production actuelle nommée ; atelier Oakland documenté historiquement.,Comparer consommation de production laser et veilles si site propre actuel et volumes confirmés.,Parcours cloud-to-robot et devis/commandes en ligne.,"Ancien modèle réseau : confirmer atelier contrôlé aujourd'hui, périmètre et échelle avant priorité métier.",Head of Production / Operations,Votre modèle relie directement fichiers de conception et fabrication laser.,"Quel atelier est directement exploité aujourd'hui, à quelle cadence, et ses mesures sont-elles accessibles ?",https://www.ponoko.com/about | https://www.ponoko.com/blog/ponoko/ponoko-hiring-production-manager/
