timestamp,energy_kwh,production,temperature,tariff,shift,product_type,production_active,source_row
2026-07-01T00:00:00,6.0,0.0,,,,,,2
2026-07-01T02:00:00,6.0,0.0,,,,,,3
2026-07-01T04:00:00,5.0,0.0,,,,,,4
2026-07-01T06:00:00,5.0,0.0,,,,,,5
2026-07-01T08:00:00,2.0,12.0,,,,,,6
2026-07-01T10:00:00,3.0,18.0,,,,,,7
2026-07-01T12:00:00,3.0,18.0,,,,,,8
2026-07-01T14:00:00,3.0,17.0,,,,,,9
2026-07-01T16:00:00,3.0,16.0,,,,,,10
2026-07-01T18:00:00,3.0,0.0,,,,,,11
2026-07-01T20:00:00,5.0,0.0,,,,,,12
2026-07-01T22:00:00,6.0,0.0,,,,,,13
